project_name|constituency|sector|amount_kwacha|status|year|source_post_id|source_url
Presidential Directive road works (combined)|Monze Central;Moomba;Bweengwa|roads|3278013.69|ongoing (75 of 105.4 km complete)|2025|3372|https://www.monzecouncil.gov.zm/?p=3372
Malama Road|Monze Central|roads|NA|completed (15 km)|2025|3372|https://www.monzecouncil.gov.zm/?p=3372
Chisekesi-St Mary's Road|Monze Central|roads|NA|cleared and grubbed (5 km)|2025|3372|https://www.monzecouncil.gov.zm/?p=3372
Off St Mary's to Gali Road|Monze Central|roads|NA|completed with ongoing spot improvements (9 km)|2025|3372|https://www.monzecouncil.gov.zm/?p=3372
Hamudonga-Kasaka Road|Moomba|roads|NA|completed (15 km)|2025|3372|https://www.monzecouncil.gov.zm/?p=3372
George Artkins to Kasaka Road|Moomba|roads|NA|partial completion|2025|3372|https://www.monzecouncil.gov.zm/?p=3372
Keemba-Kaumuzya Road|Bweengwa|roads|NA|completed (15 km)|2025|3372|https://www.monzecouncil.gov.zm/?p=3372
Niko-Bbolomani Road|Bweengwa|roads|NA|ongoing|2025|3372|https://www.monzecouncil.gov.zm/?p=3372
Niko-Malundu Road|Bweengwa|roads|NA|pending commencement|2025|3372|https://www.monzecouncil.gov.zm/?p=3372
Feeder roads maintenance (Hamudongo, Hamapande, Kaumuzya-Keemba)|Monze Central;Moomba;Bweengwa|roads|3200000|ongoing|2025|3090|https://www.monzecouncil.gov.zm/?p=3090
Women and youth clubs empowerment grants|Moomba|empowerment/grants|2400000|disbursed (145 clubs)|2025|2487|https://www.monzecouncil.gov.zm/?p=2487
Bweengwa phased community projects completion|Bweengwa|community development|5910000|approved|2025|2483|https://www.monzecouncil.gov.zm/?p=2483
Bweengwa new community initiatives|Bweengwa|community development|11490000|approved|2025|2483|https://www.monzecouncil.gov.zm/?p=2483
Bweengwa secondary school bursaries (returning + new pupils)|Bweengwa|education/bursary|637440|approved (191 returning + 2 new pupils)|2025|2483|https://www.monzecouncil.gov.zm/?p=2483
Monze Central phased community projects completion (2023-2024)|Monze Central|community development|8780000|approved|2025|2483|https://www.monzecouncil.gov.zm/?p=2483
Monze Central new 2025 community projects|Monze Central|community development|9410000|approved|2025|2483|https://www.monzecouncil.gov.zm/?p=2483
Monze Central climate resilience projects (2024 CDF)|Monze Central|climate resilience|900950|approved|2025|2483|https://www.monzecouncil.gov.zm/?p=2483
Chikuni Police Station|Monze Central|security/infrastructure|2800000|completed|2025|2445|https://www.monzecouncil.gov.zm/?p=2445
Bweengwa Police Station (incl. 3 staff houses, ablution block)|Bweengwa|security/infrastructure|6000000|not yet completed|2025|2445|https://www.monzecouncil.gov.zm/?p=2445
Livestock and fisheries local revenue reinvestment (motorbikes, computers)|NA|local revenue/service delivery|200000|completed|2025|2436|https://www.monzecouncil.gov.zm/?p=2436
Singonya-Mulongalwili Road|Monze Central|roads|NA|completed (10.2 km)|2025|2424|https://www.monzecouncil.gov.zm/?p=2424
Ganda Primary School semi-detached staff house|Bweengwa|education/infrastructure|920000|constructed|2025|2401|https://www.monzecouncil.gov.zm/?p=2401
Muthamzhi Rural Health Center (staff house, ablution block, water reticulation)|Bweengwa|health/infrastructure|NA|scheduled for handover|2025|2401|https://www.monzecouncil.gov.zm/?p=2401
T1 Road to Chikuni Charles Lwanga Junction (via Chipembele Road)|Monze Central|roads|25151527.04|ongoing (21.1 km)|2025|2394|https://www.monzecouncil.gov.zm/?p=2394
Property rates tax collection target|NA|local revenue|5900000|target (up from K2.3 million)|2025|2362|https://www.monzecouncil.gov.zm/?p=2362
Haampongo Bridge construction|NA|roads/infrastructure|1300000|commenced|2025|2348|https://www.monzecouncil.gov.zm/?p=2348
Lusangu Dam rehabilitation|NA|water/irrigation|2980640|85% complete|2025|2334|https://www.monzecouncil.gov.zm/?p=2334
CDF allocation to three constituencies (2024)|Monze Central;Moomba;Bweengwa|CDF administration|91009926|allocated, only K30,000,000 utilized|2024|2331|https://www.monzecouncil.gov.zm/?p=2331
CDF allocation increase (2024 to 2025)|Monze Central;Moomba;Bweengwa|CDF administration|36100000|approved (up from K30.3 million)|2025|2331|https://www.monzecouncil.gov.zm/?p=2331
Cash for Work program (total disbursed)|Monze Central;Moomba;Bweengwa|social protection|15669624|disbursed (22,115 households)|2025|2320|https://www.monzecouncil.gov.zm/?p=2320
Cash for Work program - Monze Central share|Monze Central|social protection|7772460|disbursed (75 zones)|2025|2320|https://www.monzecouncil.gov.zm/?p=2320
Cash for Work program - Bweengwa share|Bweengwa|social protection|5596199|disbursed (50 zones)|2025|2320|https://www.monzecouncil.gov.zm/?p=2320
Cash for Work program - Moomba share|Moomba|social protection|2300967|disbursed (27 zones)|2025|2320|https://www.monzecouncil.gov.zm/?p=2320
Chisekesi Market upgrade|NA|market/infrastructure|3000000|98% complete|2025|2283|https://www.monzecouncil.gov.zm/?p=2283
Council approved budget (2025)|NA|budget|191900000|approved|2025|2058|https://www.monzecouncil.gov.zm/?p=2058
Council approved budget (2024, for comparison)|NA|budget|129400000|approved|2024|2058|https://www.monzecouncil.gov.zm/?p=2058
Street light installation (ZDSP)|NA|infrastructure|3500000|planned|2025|2027|https://www.monzecouncil.gov.zm/?p=2027
Proposed budget expenditure (2025)|NA|budget|191900000|proposed|2025|2021|https://www.monzecouncil.gov.zm/?p=2021
Proposed National Support/Grants revenue (2025)|NA|budget/revenue|178900000|proposed (93% of total)|2025|2021|https://www.monzecouncil.gov.zm/?p=2021
Proposed Own Source Revenue (2025)|NA|budget/revenue|12900000|proposed (7% of total)|2025|2021|https://www.monzecouncil.gov.zm/?p=2021
Devolved Functions allocation (2025)|NA|budget/devolved functions|47300000|proposed (up from K11 million)|2025|2021|https://www.monzecouncil.gov.zm/?p=2021
Donor Support and Cooperating Partners (2025)|NA|budget/donor support|8300000|proposed (up from K3.7 million)|2025|2021|https://www.monzecouncil.gov.zm/?p=2021
Moomba road maintenance project (culverts, mitre drains, grading)|Moomba|roads|2100000|completed|2023|2012|https://www.monzecouncil.gov.zm/?p=2012
Women's clubs and cooperatives grants|Monze Central|empowerment/grants|2150000|disbursed (144 clubs)|2024|1813|https://www.monzecouncil.gov.zm/?p=1813
Monze Central road maintenance equipment (grader, compactor, tipper truck)|Monze Central|roads/equipment|6339775.00|purchased|2023|1046|https://www.monzecouncil.gov.zm/?p=1046
