page_id|title|content_text|url
4034|Argriculture|AGRICULTURE SERVICES Agriculture is the backbone of Monze District’s economy, with both small-scale and commercial farming. Key agriculture services are: Agricultural extension – farmer training and demonstrations.Crop production and agronomy – soil fertility, pest and disease management. Farmer Input Support Programme (FISP) – access to inputs.Irrigation development – year-round production support. Mechanisation – farm machinery and power. Land husbandry – conservation and climate-resilient practices. Horticulture – vegetables and high-value crops. Agribusiness and marketing – linking farmers to markets. Post-harvest management – reducing losses. Climate-smart agriculture – resilience to climate change.|https://www.monzecouncil.gov.zm/?page_id=4034
4021|Fire and Emergency Services|MONZE FIRE AND RESCUE SERVIVE Fire and Emergency Rescue Services. The unity is responsible for rapid emergencies responses, fire Prevention and rescue operations. The unity also issues fire certificates to businesses and the general public. Below are the steps for issuing a fire certificate and fire incident report. Fire Certificate Submit form (1 day) Inspection of Facility by fire officer (3 days) Pay fees (1 day) Collect certificate within 14 days. Provide Proof of payment at the point of collection. CONTACT US ON TOLL FREE LINE ZAMTEL 993 LANDLINE +260213326003|https://www.monzecouncil.gov.zm/?page_id=4021
4016|Core Services|Popular Services Core Services Fire and Emergency Rescue Services Report emergencies and get urgent assistance. Harbour, Maritime & Inland Waterways Water transportation regulations, canal operations and dragging. Housing and Social Services Find out about markets administration and more.. Health Services Access to primary healthcare and wellness resources. Permits & Licenses Apply for business and special permits. Fisheries, Livestock & Veterinary Animal disease control, value addition and other services. Public Health Safeguard of community health and safety, disease prevention and health education. Early Childhood Education Schools, training, and education programs. Urban Planning & Development Control Application for development permits and zoning requests. Agriculture Support for farmers and agricultural businesses through extension services. Arts and Culture Promotion of tourism through cultural events and initiatives. Legal Services Litigation, estates,licensing and contracts.|https://www.monzecouncil.gov.zm/?page_id=4016
3648|ABOUT US|WELCOME TO MONZE DISTRICT Monze The Heartbeat of Tonga Heritage and Agricultural Vitality Monze District, nestled in the Southern Province of Zambia, lies along the Great North Road, approximately 180 kilometers south of Lusaka. The District is a cultural stronghold of the Tonga people and one of Zambia’s cornerstone of agricultural economy. The District shares boundaries with Gwembe, Pemba, Namwala and Mazabuka. Monze became a District in 1970 and covers an area of around 4,770.7 square kilometres with a total population of 268,432 out of which 130,412 are males and 138,020 are females as per 2022 Census Report, (CSO 2022). The District is governed under two types of land tenure systems namely Customary and Leasehold Land Tenure. It can distinctly be divided into three main physiographic regions. The first is the Southeastern part which has steep slopes and most of the rivers and storm water flows into Lake Kariba. The second region is the Central High Plateau area which consists of soft undulating old plain (ideal for maize growing) and thirdly the Northwest low flat plain where the Kafue flats and Lochinvar National Park fall. AGRICULTURE Agricultural Powerhouse: Monze is renowned as the “home of cattle,” with a thriving livestock sector and expansive maize, groundnut, and vegetable farming. The district’s fertile plains and favorable climate make it a breadbasket for the nation. TOURIST AND CULTURE Lochinvar National Park: Located on the southern edge of the Kafue Flats, this park is a biodiversity haven famous for its large herds of Kafue lechwe, over 400 bird species, and hot springs. It offers eco-tourism potential and is a key conservation area in the region. As a gateway between Lusaka and Livingstone, Monze connects trade, tourism, and cultural exchange across Southern Zambia. Monze District is a custodian of rich cultural traditions, celebrated through vibrant annual ceremonies: -Lwiindi Gonde Ceremony: Held at the sacred Gonde shrine near Chief Monze’s palace, this is a spiritual thanksgiving for rain and harvest. It draws thousands of pilgrims and dignitaries, featuring traditional dances, drumming, and ancestral rituals. -Lwanza Ceremony: Celebrated by the Lundwe-speaking people of Bweengwa under Senior Chief Hamusonde, this event honors ancestral spirits and showcases the district’s cattle heritage and communal unity. -Samulyamoomba Ceremony: A lesser-known but culturally significant event celebrated by the Subiya-speaking community in the parts of Monze. It emphasizes ancestral reverence, traditional governance, and the preservation of indigenous customs through music, dance, and storytelling. VISION STATEMENT MISSION STATEMENT VALUE STATEMENT A transparent municpal council anchored on effective and efficient delivery of services to the public. To provide quality and equitable services to the public in a transparent,accountable and sustainable manner Quality of service Equitable of service Transparency Accountable Sustainability|https://www.monzecouncil.gov.zm/?page_id=3648
3401|CDF APPROVED PROJECT MONZE CENTRAL|2025 APPROVED PROJECT Lorem ipsum dolor sit amet, consectetur adipiscing elit. Ut elit tellus, luctus nec ullamcorper mattis, pulvinar dapibus leo.|https://www.monzecouncil.gov.zm/?page_id=3401
3393|Elementor #3393|TOURISM IN MONZE Monze District has one national park known as lochinvar national park it is situated on the southern edge of the kafue flats,a wide floodplain of the kafue river between itezhi tezhi dam in the west and kafue Gorge HORNBILL BIRD|https://www.monzecouncil.gov.zm/?page_id=3393
3276|ZDSP|ZAMBIA DEVOLUTION SUPPORT PROGRAM ABOUT ZDSP Monze’s ZDSP Supported Project Near Compeletion Monze Town Council has announced that its infrastructure project funded under the Zambia Devolution Support Program (ZDSP) is now at 90 percent completion, marking a significant milestone in the country’s decentralization agenda. The Council received K2,661,555.00 through the program, which has been invested in critical facilities aimed at improving waste management in the District. The key Investments include Construction of a perimeter wall fence around the municipal dump site to prevent animals from consuming plastics and toxic chemicals, Installation of solar-powered security lights at the dum, drilling of a borehole and installation of a solar-powered water reticulation system as well as construction of the ablution block for workers. The borehole will be used for monitoring of underground water around the dump site area. The Local Authority also secured additional land for the dump site, negotiated with traditional custodians to accommodate future expansion. Council Public Relations Officer Kanchele Kanchele emphasized that the perimeter fence is particularly vital in protecting livestock from hazardous waste, while the solar installations demonstrate a shift toward sustainable energy solutions. The Zambia Devolution Support Program (ZDSP) was launched by the Government of Zambia in partnership with the World Bank to strengthen the country’s Decentralization Policy (2023–2027). Historically, Zambia’s governance system was highly centralized, limiting local authorities’ ability to deliver services effectively. The ZDSP introduced a performance-based grant system, where councils receive funding upon meeting minimum conditions in areas such as financial management, service delivery, and transparency. The program aims to empower local authorities like Monze to take charge of development priorities, improve accountability, and bring decision-making closer to citizens. With the project nearing completion, Monze residents can expect improved waste management. The initiative stands as a practical example of how decentralization by devolution is transforming local governance in Zambia, ensuring that resources directly benefit community. Key program Documents Citizen_Engagement_Strategy National-Decentralisation-Policy-2023 Debt-Arrears-Monitoring-Mechanism-FINAL-COPY8-min water reticulation system installed Dumpsite Security Lights Dumpsite Worker's Ablution Block Dumpsite Boundary Fence Previous Next Project Location: Monze Central Constituency Project Name: Construction of a Guard House, Ablution Block, Water Reticulation System Boundary Wall and Security Lights Start Date: 16th July, 2025 End Date: 16th July 2026 Project Status: 90% Completed Project Location and Coordinates 16°19’41.9″S 27°29’34.5″E Learn more|https://www.monzecouncil.gov.zm/?page_id=3276
2950|CDF Accordion|Community Projects 2025 Monze Central Projects Far far away, behind the word mountains, far from the countries Vokalia and Consonantia, there live the blind texts. Separated they live in Bookmarksgrove right at the coast 2025 Bweengwa Projects Far far away, behind the word mountains, far from the countries Vokalia and Consonantia, there live the blind texts. Separated they live in Bookmarksgrove right at the coast 2025 Moomba Projects|https://www.monzecouncil.gov.zm/?page_id=2950
2871|CDF|CONSTITUECY DEVELOPMENT FUND MONZE CENTRAL 1. Approved Projects 2024 COMMUNITY PROJECTS MONZE CENTRAL 2025 APPROVED COMMUNITY PROJECTS MONZE CENTRAL 2. Empowerment 2024 LOANS MONZE CENTRAL 2024 GRANTS MONZE CENTRAL 3. Skills Development 2025 APPROVED SKILLS BURSARIES MONZE CENTRAL CONSTITUENCY 4. School Bursaries 2025 SECONDARY SCHOOL BURSARIES MONZE CENTRAL CONSTITUENCY 5. Community Engagement BWEENGWA 1. Approved Projects 2024 COMMUNITY PROJECTS BWEENGWA 2024 DROUGHT RESPONSE PROJECTS BWEENGWA 2. Empowerment 3. Skills Development 2025 BWEENGWA SKILLS 4. School Bursaries 2025 BWEENGWA SECONDARY SCHOOL BURSARIES MOOMBA 1. Approved Projects 2024 COMMUNITY PROJECTS MOOMBA-1 2. Empowerment 2024 GRANTS MOOMBA 2024 LOANS MOOMBA 3. Skills Development 2025 APPROVED SKILLS-MOOMBA CONSTITUENCY 4. School Bursaries 2025 APPROVED SECONDARY SCHOOL BURSARIES-MOOMBA CONSTITUENCY 2025 PROJECTS IMPLEMENTATION ON EGP 2025 APPROVED PROJECTS|https://www.monzecouncil.gov.zm/?page_id=2871
2570|Monze District|KNOW YOUR CIVIC LEADERS MONZE DISTRICT MONZE CONSTITUENCY COUNCILORS BWEENGWA CONSTITUENCY COUNCILORS MOOMBA CONSTITUENCY COUNCILORS|https://www.monzecouncil.gov.zm/?page_id=2570
2131|FAQs|FREQUENTLY ASKED QUESTIONS WHAT IS CDF? CDF is short for Constituency Development Fund. Through an Act of Parliament, the Government of Zambia was introduced into the CDF Act. The Constituency Development Fund was first established in Zambia in 1995 to fund micro-community development projects. The Act that guides the management and implementation of CDF has undergone several amendments over the years, the new and expanded scope of the CDF now looks at various others among others; Secondary School Boarding Bursaries, Youth and Women Empowerment grants, Loans and Community Projects. WHAT IS WDC? WDC is short for Ward Development Committee. These committees are the grass root link between the communities and the Local Authorities, they are formed in each ward through an electoral process in which residents of each particular ward select representatives among themselves to pick community leaders who will represent them in the handling of the affairs of community development. HOW CAN ONE BE PART OF WDC?|https://www.monzecouncil.gov.zm/?page_id=2131
2116|Readmore_|Welcome To Monze We are delighted to have you here and hope that this platform serves as a valuable resource for our esteemed clients and visitors. Monze Town Council is one of the 15 Local Authorities in Southern Province, situated just 190 kilometers from the capital city, Lusaka with the Population of 268,432 as at 2022 census report. Being a District with a strong agricultural foundation, we take pride in being the number one in terms of cattle population in the country. This presents an excellent opportunity for investment in beef production, milk, and other related industries. Furthermore, Monze is home to the renowned Lochinvar Game Management Area, a natural wonder that offers fantastic wildlife experiences especially for Bird Watchers as we host the largest bird migration in the Continent. We also cherish our rich cultural heritage, boasting of six traditional jurisdictions (Chief Monze, Chief Choongo, Chief Hamusonde, Chief Chona, Chief Mwanza, and Chief Ufwenuka) and hosting three traditional ceremonies namely: The Kwanzaa, Samu Lya Moomba and Lwindi Gonde ceremonies stands out as the largest and grandest celebration in our District. As a Local Authority, we understand the importance of effective communication and engagement with our clients. Hence, this website serves as a platform for us to interact with you and provide information about the range of services offered by our council. We are committed to excellence in service delivery and strive to create an environment that is conducive to the growth and prosperity of our community. Being the Council Secretary, my assurance to you is that we are here to address your needs and offer the support required for the progress of Monze District. Thank you once again for visiting our website. We hope you find it informative and encourage you to explore the various sections to discover more about Monze Town Council and the opportunities our District has to offer|https://www.monzecouncil.gov.zm/?page_id=2116
1819|Readmore|We are delighted to have you here and hope that this platform serves as a valuable resource for our esteemed clients and visitors. Monze Town Council is one of the 15 Local Authorities in Southern Province, situated just 190 kilometers from the capital city, Lusaka with the Population of 268,432 as at 2022 census report. Being a District with a strong agricultural foundation, we take pride in being the number one in terms of cattle population in the country. This presents an excellent opportunity for investment in beef production, milk, and other related industries. Furthermore, Monze is home to the renowned Lochinvar Game Management Area, a natural wonder that offers fantastic wildlife experiences especially for Bird Watchers as we host the largest bird migration in the Continent. We also cherish our rich cultural heritage, boasting of six traditional jurisdictions (Chief Monze, Chief Choongo, Chief Hamusonde, Chief Chona, Chief Mwanza, and Chief Ufwenuka) and hosting three traditional ceremonies namely: The Kwanzaa, Samu Lya Moomba and Lwindi Gonde ceremonies stands out as the largest and grandest celebration in our District. As a Local Authority, we understand the importance of effective communication and engagement with our clients. Hence, this website serves as a platform for us to interact with you and provide information about the range of services offered by our council. We are committed to excellence in service delivery and strive to create an environment that is conducive to the growth and prosperity of our community. Being the Council Secretary, my assurance to you is that we are here to address your needs and offer the support required for the progress of Monze District. Thank you once again for visiting our website. We hope you find it informative and encourage you to explore the various sections to discover more about Monze Town Council and the opportunities our District has to offer|https://www.monzecouncil.gov.zm/?page_id=1819
1448|CDF STATEMENTS|MINISTERIAL STATEMENT CDF BUSARIES CDF GRANTS CDF SKILLS|https://www.monzecouncil.gov.zm/?page_id=1448
1376|Application Forms|CDF Application Forms CDF Community Project Application Form CDF Skills Bursary Application Form CDF Secondary Boarding School Bursary Application Form CDF Loan Application Form CDF Grant Application Form Other Application Forms Notice of Marriage Club Registration Application Form|https://www.monzecouncil.gov.zm/?page_id=1376
1340|HOME MLG|Road Works In Moomba Ward Chief Hamusonde during Lwanza Ceremony CULTURE AND TRADITION Monze District has the largest cattle population in the country. Mr Powell Muntenguna Council Chairperson. Welcome to Monze Town Council We are delighted to have you here and hope that this platform serves as a valuable resource for our esteemed clients and visitors. Monze Town Council is one of the 15 Local Authorities in Southern Province, situated just 190 kilometers from the capital city, Lusaka with the Population of 268,432 as at 2022 census report. Being a District with a strong agricultural foundation, we take pride in being the number one in terms of cattle population in the country. This presents an excellent opportunity for investment in beef production, milk, and other related industries. Readmore Beston Kajoba Council Secretary Mr Staivous Mulumba Council Chairperson. Welcome to Serenje Town Council Serenje is one of the oldest Districts in Zambia having earned its District status in 1939. It is a District endowed with fertile land, good rainfall and abundant water bodies alongside cheap labor from the local community. It is the home of the Lala people whose primary language is Cilala. Serenje District is constituted by six Chiefdoms which are Chisomo, Serenje, Kabamba, Mailo, Chibale and Muchinda. The inhabitants of the District mainly engage in subsistence farming which is the main source of income for most of the local people. The district has a total population of about 158,624 and covers an area of about 17,406.70km². Read More... Milly Muluti Council Secretary Constituency Development Fund (CDF) CDF Tracker View resources available by Constituency. View Tracker CDF News: Press Statement: GOVERNMENT DISBURSES K1 BILLION CDF TO LOCAL AUTHORITIES FOR CDF Download Latest Statement View Previous Statements CDF Guidelines View guidelines for CDF funds. Download Guidelines Latest News Driving Accountability through Dialogue – Interface and Feedback Session in Monze District Following a successful issue identification process, communities from Manungu, Makonka, and Mulongalwili came together for an Interface Meeting and Feedback Session supported by WaterAid Zambia Read More » Monze District Records Steady Progress on Road Works Under Presidential Directive Monze District has recorded significant progress in road infrastructure development across its three constituencies—Monze Central, Moomba, and Bweengwa—under the Presidential Directive funded through the Constituency Read More » Bridging the Gap: How Three Constituency Ambulances Will Transform Health Service Delivery in Monze District. Monday marked a turning point in Monze District’s health narrative as the Monze Town Council officially handed over two ambulances to the Ministry of Read More »|https://www.monzecouncil.gov.zm/?page_id=1340
1164|Readmore|I wish to sincerely thank the Council Secretary, management and staff for introducing you to this service which gives members of the public a great opportunity to interact with us directly from your own homes and places of work. As a Local Authority we thought it is necessary to put up this website not only to interact with you our clients but also to introduce some of the services being offered by Monze Town Council.|https://www.monzecouncil.gov.zm/?page_id=1164
971|Photo Gallery|All New Gallery|https://www.monzecouncil.gov.zm/?page_id=971
959|Publications|ACTS & POLICIES NEWSLETTERS PRESS STATEMENTS IDP ADVERTS FINANCIAL STATEMENT MTC APPROVED CDF PROJECTS BUDGET PROCUREMENT PLAN COUNCIL AND STAKE HOLDERS MINUTES ACTS & POLICIES Urban and Regional Planning (General) Regulations 2020 The-Urban-and-Regional-Planning-Act-2015 The-Local-Government-Act-No.-2-of-2019 The-Food-Safety-Act-No.-7-2019 The-Constituency-Development-Fund-Act-No.-11-of-2018 The Solid Waste Regulation and Management Act, 2018 The Public Procurement Act No. 8 2020 The Public Finance Management Act 2018 The Occupational Health and Safety Act – 2010 The National Planning and Budgeting, No. 1 of 2020 The Local Government Amendme SI-2011 SI 2012_23-On-Liquor-Packaging Registration-of-Business-Names-Act-2011 Liqour-Licensing-Act-2011 Lands-and-Deeds-Registry-Act Lands-Acquisition-Act Landlord-and-Tenant-Business-Premises-Act Land Administration and Allocation LA-Financial-Regulations Environmetal-Mangement-Act-12-of-2011 Eighth National Development Plan 2022-2026 NEWSLETTERS Monze Town Council Newsletter MONZE NEWSLETTER PRESS STATEMENTS Statement Press Statement IDP Monze IDP Details Uploaded on: December 1, 2023 IDP Updated Uploaded on: September 12, 2025 ADVERTS Returning pupils on CDF sponsorship 2025 FINANCIAL STATEMENT 2021 2021 FINACIAL STATEMENT 2022 2022 FINANCIAL-STATEMENT 2023 2023 FINANCIAL STATEMENT 2024 2024 FINANCIAL STATEMENT 2024 Unmodifield Auditor’s Opinion – Monze Town Council 2024 FS Updated 2024 FINANCIAL STATEMENT FOR MONZE TOWN COUNCIL Uploaded on: November 8, 2025 Unmodified Audit Opinion 2024 Uploaded on: November 13, 2025 MTC APPROVED CDF PROJECTS 2023 2023 CDF APPROVED PROJECTS 2024 2024 DROUGHT RESPONSE PROJECTS BWEENGWA 2024 COMMUNITY PROJECTS BWEENGWA 2024 2024 COMMUNITY PROJECTS MONZE CENTRAL 2024 2024 COMMUNITY PROJECTS MOOMBA-1 2025 Unapproved Projects 2025 2025 APPROVED SKILLS BURSARIES MONZE CENTRAL CONSTITUENCY 2025 SECONDARY SCHOOL BURSARIES MONZE CENTRAL CONSTITUENCY 2025 APPROVED COMMUNITY PROJECTS MONZE CENTRAL 2025 2025 List of Received Applications-Community Projects Uploaded on: December 26, 2025 2025 Approved Community Projects Updated Uploaded on: December 26, 2025 2025 List of Project Applications not Approved Uploaded on: December 26, 2025 2025 APPROVE D COMMUNITY PROJECTS BWEENGWA CONSTITUENCY 2025 BWEENGWA SKILLS 2025 BWEENGWA SECONDARY SCHOOL BURSARIES 2025 2025 APPROVED SECONDARY SCHOOL BURSARIES-MOOMBA CONSTITUENCY 2025 APPROVED GRANTS FOR MOOMBA CONSTITUENCY 2025 APPROVED SKILLS-MOOMBA CONSTITUENCY MOOMBA CDF PROJECTS 2025 BUDGET 2026 BUDGET MONZE TOWN COUNCIL 2026 BUDGET PERFORMANCE REPORT FOR LOCAL AUTHORITIES-2026 MONZE TOWN COUNCIL 2025 2025 BI Annual Budget Performance Uploaded on: December 27, 2025 2025 ESTIMATES OF REVENUE AND EXPENDITURE 2024 2024 BI Annual Budget Performance Uploaded on: December 27 2024 PROPSED-ESTIMATESOF REVENUE AND EXPENDITURE PROCUREMENT PLAN Monze-Town-Council-Annual-Procurement-plan-2024-.pdf PROCUREMENT PLAN 2025 COUNCIL AND STAKE HOLDERS MINUTES Monze Town Council Minutes 2023 Monze-Town-Council-Minutes 2024-BUDGET-CONSULTATIVE-MEETING-WITH-ST.pdf MINUTES ADOPTING THE 2025 BUDGET MONZE 2025 MINUTES FOR DEVOLUTION SUPPORT PROGRAM ON BUDGET 2026 Minutes of Stakeholders Engagement on the Budget Review 2026 Minutes of Stakeholder engagemnet on the Budget Review Nabukuyu-Moomba 2026 Minutes of Stakeholders Engangement on the budget review held at Ntambo – Moomba Constituency Damp Site Minutes for Rural Stakeholders and HRH Chief Monze STAKEHOLDERS RURAL EGAGEMENT ON THE DUMPSITE AT CHICHELEKO Minutes of The Projects Appraisal Council Minutes Second Quarter July, 2025 Minutes of the Business Stakeholders Budget Consultative Meeting for 2025 Budget Preparation Uploaded on: December 31, 2025 Minutes of the Community Stakeholders Budget Consultative Meeting for 2025 Budget Preparation Uploaded on: December 31, 2025 Stakeholders Engagement Plan Uploaded on: December 31, 2025|https://www.monzecouncil.gov.zm/?page_id=959
932|CDF Tracker|MONZE CDF PROGRAM|https://www.monzecouncil.gov.zm/?page_id=932
792|Services|Monze offers the following services to the community; Refuse collection through the keep Zambia clean, green and healthy campaign. Clean and safe drinking water through borehole drilling in communities, Licences, such as: trade licences, health permit licence, liquor licences, fire arm licences and all other different licences. It also offers marriage certificates and fire certificates. Provision of trading premises Plot allocation/ town planning Provision of feeder roads through engineering departments Library services Pre-school services and provision of services to the vulnerable through community development Land distribution/ plots Burying of destitutes Eradication of stray dogs through public health section Hospitality services through the motel HIV/AIDS, gender and human rights sensitisation Service Chater Monze Town Council Service Charter SERVICE CHARTER|https://www.monzecouncil.gov.zm/?page_id=792
770|Departments|Office of The Council Secretary Department of Planning Department of Engineering Services Department of Finance Department of Administration & Human Resource Department of Agriculture Department of Legal Services Department of Fisheries, Livestock and Veterinary Services Department of Health Services Department of Community Services Institutional Management Carries out executive functions of the council including that of His Worship of the Council Chairperson and the Council Secretary. Units or sections that report directly to the executive head and not through another directorate are Public Relations Procurement Internal Auditing Information Communication Technology The Office of the Council Secretary The office of the Council Secretary serving as the institution’s Chief Executive Officer CEO assumes the oversight responsibility of the day-to-day operations of the Local Authority and spearheading the delivery of developmental programs within the district. Internal Audit Section The Internal Audit Section serves as a pivotal mechanism for maintaining operational integrity within the Local Authority. This section is responsible for developing and implementing checks, and controls, conducting risk assessments, and overseeing management procedures both at policy level and operations. Regular audits are carried out to ensure compliance with existing legislation and enhance operational efficiency. The findings from these audits are compiled into comprehensive reports, which are then presented to the executive head of the Local Authority and the Audit Committee for review and recommended action. Procurement Section The Procurement Section, as a critical component of the institution, is responsible for overseeing and managing all procurement processes. This section ensures that all purchases of goods and services are conducted per established policies, legislation, and procedures promoting transparency, fairness, and cost-effectiveness. Regular compliance controls are performed to verify adherence to procurement guidelines and to identify areas for improvement. The Procurement Section plays a vital role in supporting the institution’s operations and strategic objectives and in the delivery of the CDF project procurement and delivery. Public Relations Section The Public Relations Unit is crucial in managing and disseminating information to the citizens. The unit is responsible for the strategic communication processes that build mutually beneficial relationships with the public as the face and the mouthpiece of the Local Authority. The Public Relations Unit handles various public functions and events for the LA including anticipating, analyzing, and interpreting public opinion, perceptions, and attitudes toward the council. It drafts strategies that use free or paid media, print or electronic to counteract information gaps and conduct sensitizations on council and developmental projects and operations. Responsible for drafting and distributing press releases, planning and executing special public outreach and media related events and developing a crisis public relations strategy. It also handles the council’s social media presence and responds to public reviews on social media websites. In essence, the Public Relations Unit is instrumental in maintaining a positive reputation of the council and fostering a strategic relationship with the public, prospective partners, investors, employees, and other stakeholders. Information Communications Technology H as a critical component of the institution, is responsible for overseeing and managing of all computer peripherals and network infrastructure of the institution and certifying all application Systems before procuring. This is done according to the Information Communications Technology Policy that has the following key components: - Disaster recovery plan ICT Training Policy ICT Policy COMPILED GRIEVANCE REDRESS MECHANISM AND STAKEHOLDER ENGAGEMENT 2025 DUMPSITE 2025 Envirmental Impact Dumpsite The Planning Department holds the authority for both Rural and Urban Planning and Development control, as outlined by The Urban and Regional Planning Act . Under the supervision of the Director of Planning, the department is tasked with establishing a clear developmental framework and roadmap for the district. To accomplish these developmental goals, the department operates through its six units. Namely Town Planning Land Survey Building Inspections Survey Section Social Economic Planning Environmental Planning District Aids Coordination Advisor Town Planning The section is responsible for guiding land boundary limits. Some of the major tasks are: Placement and Re-Establishing of property boundaries. Road marking. Preparation of survey diagrams. Preparation of survey reports. Management of Geographical Information Systems (GIS) Social Economic Planning The section is mandated to undertake socio-economic planning to enhance the implementation of Council developmental plans and programs. Key responsibilities include: Development Planning. Capacity building. Project Proposals. Coordinate Constituency Development Fund (CDF) activities Monitoring and Evaluation. Environmental Planning The section is mandated with the responsibility of mainstreaming environmental concerns in development plans and programs to enhance sustainability. Key responsibilities include: Preparation of Environmental Assessment Reports. Environmental Profiling. Preparation of Environmental Briefs. Conduct Environmental Education. Monitoring and Evaluation. Survey Section The Town Planning Section executes town planning strategies to achieve a harmonious and acceptable urban environment. The key responsibilities under this section include: Design of local Area plans. Numbering of Plots Forward Planning. Environmental Planning Section Purpose This section ensures the mainstreaming of environmental concerns in development plans and programs in order to enhance sustainability. Key Result Area Environmental Assessment Reports The section coordinates and undertakes effectively the review of environmental assessment documents in order to recommend appropriate measures Environmental Profiling Coordinates and undertakes effectively the preparation of Environmental Profile in order to inform and create awareness on the state of the environment Environmental Briefs Coordinates and undertakes effectively the studies and preparation of environmental briefs for Council in order to highlight environmental implication of the projects and their mitigation Environmental Education Carries out effectively environmental education in order to solicit for community participation in environmental management and conservation Monitoring and Evaluation The section monitors effectively the implementation of environmental mitigation measures in order to ensure compliance with statutory and legally set standards Building Inspections This section holds the responsibility for development control. The primary duties of this unit include the following tasks: Building Inspections. Identify illegal structures and unauthorized development. Enforce compliance. District Aids Coordination Advisor The Section is headed by the DACA and is responsible for the following function: - Coordinate and implement social protection programs. (GBV, Child abuse Early marriages, teen pregnancies. Other cross-cutting issues Community Development Section The Section is headed by the CDO and is responsible for the following main functions. Facilitate the mobilization of communities in community development activities. Implement skills development to enhance the availability of skills in communities. Coordinate the development of community sports in the district. Facilitate the provision of early childhood education and adult literacy. Registration and management of community voluntary organizations. DEPARTMENT OF ENGINEERING SERVICES Is charged with the supervision and delivery of public works and engineering services in the district. The department also houses the Fire and Rescue Services Water Coordinator Auto Mechanical Services Electrical Engineering Services Civil Engineering Services Quantity Survey Services Fire and Rescue Services MANDATE. The Mandate of the Fire and Recue section is well outline in the local government act and Fire Policy . The function of the Fire and rescue section are as follows: Fire Fighting : Fire fighting in emergency situations in order to prevent loss of life and destruction of property. Fire Safety Awareness implement fire safety awareness and training programmes in order to enable the public to respond to emergencies. Emergency and Rescue : Turn out to emergency and rescue operations (General/Marine) in order to prevent loss of life and destruction of property by fire and /or natural causes. Special Services :Turn out to special services to the public in order to respond to distress calls. Fire Investigations : To determine the cause of the fire and develop preventative interventions Fire Prevention and Inspectorate : conduct of fire safety inspections, scrutiny of building plans and issuance of fire certificates in order reduce fire risk in buildings. WASH COORDINATOR Designs, implements, monitors, and manages water, sanitation and hygiene (WASH) for construction projects ensuring quality standard, community engagement and technical compliance. Coordinate Works in collaboration with donor and other implementing partners Conduct field supervision to ensure implementation is according to the plan Assist in WASH procurement processes Prepare realistic and detailed WASH interventions Schedules Plan on WASH Interventions Reporting to council and stakeholders. Quantity Surveying Section Conducting inspections on private and public electrical installations for safety and compliance. Issuing technical recommendations to the Planning Department for electrical components of building permit applications. Mandate and Functions The Quantity Surveying Section plays a key role in ensuring value for money, accountability, and transparency in infrastructure development at Monze Town Council, in line with the objectives of the Zambia Devolution Support Program (ZDSP). Its functions include: Cost Estimation and Budgeting – preparing realistic cost estimates to support evidence-based planning and budgeting, ensuring that projects are financially feasible and aligned with community priorities. Preparation of Bills of Quantities (BOQs) – producing detailed BOQs that strengthen procurement processes and enhance competitiveness and fairness in line with public financial management principles. Tendering and Contract Administration – supporting the tendering process, evaluating bids, and administering contracts to ensure compliance, transparency, and accountability in project implementation. Measurement and Valuation of Works – conducting site measurements, preparing interim valuations, and issuing payment certificates to ensure that contractors are paid fairly for actual work delivered. Cost Control and Monitoring – tracking project expenditure against budgets to minimize wastage, enhance accountability, and achieve value for money as required by ZDSP benchmarks. Technical Advisory Services – providing professional advice to Council management and stakeholders on project feasibility, life-cycle costs, and efficient resource utilization. Final Accounts – preparing and reconciling final accounts to ensure closure of projects in a transparent and accountable manner. By carrying out these functions, the Quantity Surveying Section directly supports the Zambia Devolution Support Program’s goals of strengthening local governance, enhancing financial accountability, and improving service delivery to the community through efficient and transparent infrastructure development. Electrical Engineering Services Mandate The Electrical Engineering Services section is responsible for the planning, supervision, maintenance, and safe delivery of all electrical installations and services within Monze District. The section ensures reliable electricity supply, promotes energy efficiency, and enforces compliance with national electrical standards and local regulations to enhance public safety and support community development. Core Functions Public Lighting and Power Infrastructure Installation, operation, and maintenance of streetlights, traffic lights, and other public electrical infrastructure. Upgrading and rehabilitation of aging power systems within council facilities and public spaces. Council Facilities Electrical Works Supervision and inspection of electrical installations in council buildings, health facilities, schools, and markets. Ensuring compliance with the Electricity Act, ZESCO regulations, and Zambia Bureau of Standards (ZABS). Inspection and Compliance Project Supervision and Technical Support Providing technical input for electrical components of government and donor-funded projects. Preparation of technical specifications and documents for electrical works. Offering advisory services on renewable energy projects such as solar lighting and backup systems. Emergency and Safety Services Attending to electrical faults and emergencies within council-managed facilities. Contribution to Zambia Devolution Support Programme (ZDSP) Electrical Engineering Services contributes to the ZDSP by: Supporting local development with energy-efficient and sustainable solutions. Strengthening governance through compliance monitoring and transparent project implementation. Supporting local development with energy-efficient and sustainable solutions. Improving community service delivery by ensuring uninterrupted power supply to critical facilities such as clinics, schools, and markets. Enhancing public safety through reliable electrical infrastructure. The department is under the leadership of Director Finance, who oversees all financial operations. This includes: - The management of bank accounts, The preparation of financial reports, The maintenance of the Valuation roll, The stores Management. Accounts The section is responsible for managing, computing of all expenses related to staff and personal emoluments. Revenue The Section is Responsible for maintenance of ledgers for all Billable and Revenue mobilization. Markets and Bus Stations Section Manage bus stations and markets to facilitate smooth operations and enhance revenue collections. Allocation of market stands. Manage bus stations and markets to facilitate smooth operations and enhance revenue collection. The department is headed by a Director who is responsible for the sections/units that fall under the department. The units that fall under the directorate are Human Resources, General Administration, Registry, Committee, and Police. Human Resource Section This Section is responsible for the general human resource staff matters. The following are some of the functions/services: Is the secretariat for human resource commission on a local level. Responsible for staff in Division III and IV. Employing and recommending for Staff upgrade or promotion in Category III and IV. General Administration Section This unit is responsible for the general administration and running of the day-to-day office operations. The following are some of the functions/services: Facilitate the solemnizing of marriages Procure of office furniture and equipment. Promote staff health and safety in the council. Identify the number of sick people as well as visit the visit. Identify prone risk areas. Transport Management. Manages effectively the availability of transport to facilitate staff mobility and transportation of materials and equipment. Licensing and insuring. Facilitate the licensing and insurance of all vehicles for Monze Town Council. Office accommodation. Provide timely provision of office space for officers to create a conducive work environment. Management of clerical services. General maintenance of office spaces and surrounding. Council Police Section The unit is responsible for Community police, Maintain Security, and Law and order. Facilitate for Security measures, Law, and order in the Council. Committee Section The committee section plays the role of secretariat in all council meetings. Their role is to document and minute all meetings a form Management meeting, various committees and the full council meeting. Registry SECTION Responsible for records management and filling of council records and correspondences Staff establishment, management of assets, records keeping, training and development, recruitment, staff appraisals, minutes and report writing, discipline, explanation of conditions of service to staff, Public relations services. The Department of Legal Services is responsible for providing legal advice to the Council. Core Functions include Ensuring that the local authority operates within the confines of established laws that govern the local government system. Inter alia; drafting commercial contracts, Provision of Legal opinions, processing land applications, trading licenses applications, processing of Certificates of Title and occupancy licenses issued under the Urban and Regional Planning Act No.3 of 2015 of the Laws of Zambia etc. Sections: Litigation Estates Licensing Contracts Litigation The litigation section is responsible for conducting research and timely litigation of matters on behalf of the Council, both as Plaintiff or Defendant in order to safeguard and preserve its interests. This Section is further mandated to prosecute offenders as provided by the Local Government Act No.2 of 2019 of the Laws of Zambia. Furthermore, the department handles cases that are referred to the Directorate from other Councils within Southern Province or any other council that may need legal services. Estates The operation of this section is anchored on land administration and alienation pursuant to the Lands Act, Chapter 184 of the Laws of Zambia and the Lands and Deed Registry Act, Chapter 185 of the Laws of Zambia. By virtual of circular number 1 of 1985, the council is an agent and an applicant may apply through the local authority which has been delegated powers to receive applications for land from members of the public. The department prepares instrument documents such as invitations to treat, offer letters and all necessary documentation leading to the issuance Certificate of Title. Other documents prepared here include; Assignments, Mortgage Deeds, Discharge of Mortgage Deeds, change of ownership etc. The Council has the authority to deal; a) State Land b) Housing (Statutory and Improvements) Area Procedure for allocation of land Land identification Approval of plan by Council Advertisement placed in the newspaper for applications All applications reported to the Plans, Works and Development Committee, and full Council Offer letters and demands. Licensing The section processes applications for various trading licenses relevant for conducting business in Monze district pursuant to the Trades Licensing Act, Chapter 393 of the Laws of Zambia and Liquor Licensing Act No. 20 of 2011 on behalf of the Liquor Licensing Board. The process of issuing various licenses includes filing in an application in a prescribed manner, assessment/inspection of the business premises before issuance of the respective license or trading permit. In order to enhance compliance with laid down regulations and laws by license holders, the Licensing section together with Department of Finance(Revenue Section), Department of Human Resource and Administration (Council Police Unit), Department of Engineering Services (Fire Section) and Department of Public Health conduct inspection of various business ventures, and failure to comply with statutory requirement attracts a penalty and/or prosecution as prescribed by the Acts that govern the activities. Contracts The section is responsible for the preparation of commercial contracts, Memorandum of Understanding (MoU), and Memorandum of Agreements (MoAs) concerning and relating to the Council. Common contracts under the Section include; Construction/Building Contracts Contracts for Supply and Delivery of Services Contracts for Supply of Goods and Services Contracts of sale Lease agreements in respect of Council properties Employment Contracts MFL is responsible for the development and management of fisheries and livestock subsector in Zambia and is the following are the specific responsibilities: policy and legal development, promotion of production and productivity, animal health, research and development, agribusiness and export, extension and advisory services, vocation, technical, and life learning skills development. Functions The Ministry’s portfolio functions as outlined in the Government Gazette Notice No. 1123 of 2021 are as follows; Animal Health Livestock and Fisheries Research and Specialist Services Veterinary and Fisheries training Fisheries and Livestock Extension Livestock Identification and Traceability Dairy Industry Development Fisheries and Management Development Livestock Development Tsetse Control Services and Veterinary Fisheries and Livestock Marketing Policy Fisheries Policy Livestock Policy Field Services Fisheries and Livestock Credit Development The Ministry is also responsible for the following statutory Bodies and institutions: Fisheries and Livestock Training Institutions Dairy Industry Development Board Veterinary Council of Zambia Livestock Development Trust Golden Valley Agriculture Research Trust – GART BATOKA Apart from the portfolio functions, the Ministry is mandated under the law to ensure implementation of the agriculture-related legislation. VISION: The Ministry envisions: “a nation producing quality livestock and fish for food security and livelihoods”. MISSION STATEMENT: Consistent with the vision, the Ministry is committed to pursue a mission which entails: “to oversee production and productivity of fish and livestock for sustainable development”. CORE VALUES: In order to effectively execute its mandate during the Plan period the Ministry revised its core values and came up with (6) Core values, namely: Integrity, Accountability, Transparency, Innovation, Equity and Team-work. These values will inform the conduct of staff in their execution of duties. SERVICES OFFERED AT DISTRICT LEVEL: Animal Health Veterinary and Fisheries training Fisheries and Livestock Extension Livestock Identification and Traceability ( Brandmark issuance) Dairy Industry Development Fisheries and Management Development Livestock Development Tsetse Control Services and Veterinary Fisheries and Livestock Marketing Field Services INFORMATION PROVIDED BY OFFICERS UNDER THE MFL DESK The Public Health Department safeguards the health of the community by preventing, controlling and eliminating diseases. Additionally, it is mandated with solid waste management and the delivery of targeted health education to help people live longer and healthier lives. Public Health Unit Mandate Our core mandate is drawn from the Food Safety Act No. 7 of 2019, Local Government Act No. 2 of 2019, Solid Waste Regulation and Management No. 20 of 2018, Liquor Licensing Act No. 20 of 2011, and the Public Health Act Cap 295 of the Laws of Zambia. These pieces of legislation employ the department to deliver district-wide programs and projects to prevent, control, and eliminate diseases, enforce Environmental Health, Port Health, Food, and Drugs policies to reduce outbreak risks. They also mandate us to inspect food outlets, workplaces, and public nuisances. To uphold health standards Run awareness campaigns and enforce the Public Health Act through community education Execute pest and vector control operations Manage cemeteries, crematoria, and burial services for safe, sanitary disposal of human remains Key Services Disease Prevention & Control Community health screenings • Vaccination drives and outbreak response Environmental & Port Health Waste-management guidelines • Ship and border health inspections Food Safety & Workplace Inspections Routine audits of restaurants, markets, and factories • Compliance certification Public Awareness & Education Workshops, school programs, and media campaigns • IEC materials and behavior-change initiatives Pest & Vector Management Mosquito, rodent, and vector surveillance • Spraying and community clean-up events Funeral & Burial Services Cemetery administration and plot allocation • Crematorium operations and mortuary support Environmental Health Charged with disease prevention, control and health promotion through research, surveillance and community engagement. Overview Implements environmental, food, drugs and port health policies to mitigate hazards and protect public well-being Mandate Determine community health status via research and surveys Monitor disease trends and epidemiological patterns Enforce public health guidelines and standards Support stakeholders with technical expertise Drive quality assurance and program performance Key Service Activities Conduct community health assessments and needs surveys Collaborate on outbreak investigations and surveillance Develop and deliver public health education sessions Provide training and technical support to clinics and NGOs Monitor and evaluate impact of health programs Mandate Enforce Environmental Health, Food and Drugs, and Port Health legislation Promote inter sectoral collaboration for healthy environments Coordinate epidemic preparedness and emergency response Oversee solid waste and healthcare waste management Key Service Activities Issue permits and guidelines for waste handlers and facilities Conduct hygiene and sanitation campaigns in communities Lead climate-health adaptation planning with stakeholders Inspect waste collection, transport, and disposal sites Train local authorities on environmental health best practices Public Health Inspectorate Unit Overview Ensures adherence to health standards through: - Inspections Compliance certification Nuisance control Leads social mobilization, information dissemination, and behavior change initiatives to raise health awareness. Mandate Inspect food premises, workplaces, and public nuisances Mitigate infectious disease risks in communities Issue certificates of compliance to approved facilities Key Service Activities Perform routine and complaint-driven inspections Test food samples and inspect water quality Enforce abatement of nuisances (e.g., stagnant water, refuse) Certify food vendors, factories, and public establishments Follow up on corrective actions and compliance reports Develop and disseminate health promotion and IEC materials Coordinate media partnerships and community outreach Enforce the Public Health Act through sensitization Key Service Activities Design and print posters, flyers, and digital content Organize school and community health talks Coordinate radio, TV, and social media campaigns Conduct surveys to gauge public knowledge and attitudes Monitor and evaluate effectiveness of promotion programs Cleansing and Pest Control Unit Overview Manages pest and vector populations and maintains urban cleanliness to reduce disease transmission. Provides dignified sanitary and culturally appropriate funeral and burial service. Mandate Plan and execute vector control operations (e.g., malaria, dengue) Oversee street cleaning, drain maintenance, and refuse removal Enforce regulations on safe pesticide and disinfectant use Key Service Activities Conduct indoor residual spraying and laicizing campaigns Deploy spray teams for rodents, mosquitoes, and other pests Coordinate community clean-up drives and awareness sessions Monitor pest hotspots and produce control reports Maintain equipment and stock of approved chemicals Funeral Services Unit Funeral Services Unit Mandate Administer cemeteries and crematoria Ensure safe handling and disposal of human remains Key Service Activities Manage burial plots and maintain grounds Operate cremation facilities and certify ashes disposal Issue burial permits and death certificates Offer mortuary storage Health Technologist Mandate Key Service Activities Health Educationist Mandate Key Service Activities Is to empower communities through: - inclusive participation sustainable practices strategic support to improve living conditions reduce inequalities and build resilient and thriving communities. INFORMATION PROVIDED BY OFFICER’S DESK|https://www.monzecouncil.gov.zm/?page_id=770
556|Speeches|Publications Acts Policies Standards Speeches HOME MLG Menu Acts Policies Standards Speeches HOME MLG Speeches This section contains a list of various speeches by the SMART Zambia Institute National Coordinator for different functions|https://www.monzecouncil.gov.zm/?page_id=556
541|Acts|Publications Acts Policies Standards Speeches HOME MLG Menu Acts Policies Standards Speeches HOME MLG ACTS This section contains a list of standards set by the cabinet. Each law has a brief explanatory note describing the policy vision, the policy objectives and the related documentation.the policy vision, the policy objectives and the related documentation. Act-No. 41 Of 2021 The Electronic Government Act 2021 ECT-Act-2009 Act No. 2 of 2021 The Cyber Security and Cyber Crimes Act No. 3 The Data Protection Act 2021 Act No. 4 of 2021, The Electronic Communications and Transactions|https://www.monzecouncil.gov.zm/?page_id=541
531|Policies|Publications Acts Policies Standards Speeches HOME MLG Menu Acts Policies Standards Speeches HOME MLG Policies This section contains a list of standards set by the cabinet. Each law has a brief explanatory note describing the policy vision, the policy objectives and the related documentation.the policy vision, the policy objectives and the related documentation. Zambia National ICT Policy 2006|https://www.monzecouncil.gov.zm/?page_id=531
334|Website Design Request|Website Request Fill in the form for that we can understand part of the requirements before we can start the developement works on your requested website development project Website Design Request Step 1 of 2 50% Name First Name: Last Name: Email Phone Number: Ministry/Department: Type of website required: Please Select Departmental website Event Website Expo website Provincial Adminsitration Local Authority Website Other Choose Items for the Navigation Bar: About Services Projects Downloads Contact FAQ Blog Forum User Guide More Items (Specify) Additional Services required Banner Design Search Engine Optimisation Analytics Social Media Integration Domain Registration Website Hosting Additional Comments:|https://www.monzecouncil.gov.zm/?page_id=334
307|Request a Service|Request for services Select a service that you want and fill in the form for further guidance on any other requirements depending on the services required Training Needs DTC ToTs Course Selection Form Website Development Fill in a form and submit for approval Connection to G1 Submit requirements in the form ePayslips Send in request for account creation Get support Fill in the form to explain challenges with shared services Email account creation (Bulk) Send request for government email account creation|https://www.monzecouncil.gov.zm/?page_id=307
298|DTC ToTs Course Selection Form|DTC ToTs Course Selection Form In this cutting edge continuing education course, participants will learn the E3 Model of Care® for tethered oral tissues. This includes relevant background information on how tethered oral tissues affect oral function from birth to maturity. The course format includes lecture, video/photograph examples, case studies, pre and post assessment activities, demonstrations, and hands-on application of techniques in an interactive atmosphere where questions and discussion are welcomed. DTC ToTs Course Selection Form Full Name: Position: Email Phone Number: Has Home Internet Access Yes No Course to be trained in Get Connected Intro to IoT Intro to Cybersecurity IT Essentials (A+) Python Essentials|https://www.monzecouncil.gov.zm/?page_id=298
275|Contact Us|Contact Information Monze District Monze Town Council Plot 100 along Independence Avenue Southern Province ZAMBIA POSTAL ADDRESS P.O.BOX 660149 TEL: +260 213 250201 EMAIL: monzetowncouncil@gmail.com|https://www.monzecouncil.gov.zm/?page_id=275
187|News Updates|Chief Hamusonde's Palace Handover Marks Milestone in Community Development Chief Hamusonde's Palace Handover Marks Milestone in Community Development Story By Kanchele Junior Bweengwa Constituency, Monze District –A significant milestone was celebrated today with the handover of phase one of Chief Hamusonde’s Palace in Bweengwa Constituency, symbolizing the government’s commitment to enhancing the living conditions of traditional leaders and fostering community development. The handover ceremony was attended by prominent figures including the Provincial Permanent Secretary for Southern Province, Dr Namani Monze, the District Commissioner, Mr. Mwanza Malambo, Council Chairperson Mr. Powell Mutenguna, The Council Secretary Mr. Beston Kajoba, Chief Chikanta, Chief Monze, Chief Chikuni and various traditional and local leaders. In a speech read on his behalf by Dr. Monze, Southern Province Minister Hon. Credo Najuwa emphasized the importance of the Palace as more than just a building but that it serves as a monument to the strength, unity, and cultural heritage of the community. Hon. Najuwa acknowledged the dedication of the Monze Town Council, praising their relentless commitment to development in Bweengwa Constituency and Monze District. He recognized the contractors’ contributions, highlighting how their expertise transformed the vision of the palace into reality, while also empowering local community through various job opportunities. Hon. Najuwa urged the community to actively engage with the Traditional Leader at the new Palace, using it as a platform for dialogue and collaboration for local development. He also emphasized the ongoing commitment to sustainable development, referencing various initiatives aimed at improving education, infrastructure, and agricultural practices within the province. And Speaking at the same event Monze District Commissioner Mwanza Malambo expressed pride in the progress made in Monze District. He noted the various road construction projects and agricultural initiatives that are set to benefit local farmers. Mr. Malambo highlighted the government’s efforts to provide support to vulnerable populations through cash transfer programs and other community support initiatives. And Council Chairperson Powell Mutenguna echoed the sentiments by the DC, emphasizing the significance of the Palace as a reflection of the community’s values and traditions. He commended the New Dawn Government’s deliberate actions to improve the welfare of traditional leaders, underscoring the importance of infrastructure investment in fostering development. Meanwhile Chief Hamusonde of the Tonga Lundwe speaking people has made a resounding pledge to support the Zambian government’s efforts in combating child marriage and gender-based violence within his chiefdom. Speaking when he received the commissioned phase one of his newly constructed palace in Bweengwa, the Chief emphasized the importance of education for all children, particularly girls, to ensure they have the opportunity to learn and grow. In a passionate address, Chief Hamusonde highlighted the critical role education plays in empowering young girls and providing them with a brighter future. “With the government now offering free education, it is our duty to ensure that every child in our chiefdom, especially girls, has access to quality schooling,” he stated. His Royal Highness’s commitment comes at a crucial time when many communities are still grappling with the challenges posed by child marriages and gender-based violence. Furthermore, Chief Hamusonde addressed rumors regarding a boundary dispute with Chief Choongo, labeling them as unfounded. He urged the media to uphold journalistic integrity by reporting facts rather than sensationalizing stories that could harm community relations. “We should focus on development and work together for the betterment of our people,” he urged, reflecting the spirit of collaboration that both traditional leaders seek to foster. Latest News Updates Find out whats trending in Monze CASH FOR WORK PROGRAMME LAUNCHED IN MONZE DISTRICT TO COMBAT HUNGER CASH FOR WORK PROGRAMME LAUNCHED IN MONZE DISTRICT TO COMBAT HUNGER Monze District, Zambia – In a significant step towards alleviating hunger among the poorest communities, District Commissioner Mwanza Malambo officially launched the Cash for Work (CFW) program on Wednesday at Malundu Secondary School. The initiative aims to provide financial support to vulnerable households while promoting community engagement and development. During the launch, Mr. Malambo emphasized the New Dawn Government’s commitment to ensuring that no one in Zambia suffers from hunger. He stated, “President Hakainde Hichilema has clearly outlined that no one will die from hunger, and through initiatives like the Cash for Work program, we are actively working to support those in need.” The CFW program is designed to target the most vulnerable members of the community, which Mr. Malambo noted that not everyone would benefit from the initiative and that the focus on the poorest underscores the Government’s intent to prioritize those who are most in need. And Mr. Powell Mutenguna, the Council Chairperson of Monze District, echoed these sentiments, highlighting the challenges of limited resources. He appealed for community support and understanding, urging residents to be sympathetic towards vulnerable households. “We must ensure transparency in identifying rightful beneficiaries. We are calling on traditional leaders to facilitate community meetings to foster inclusivity and avoid accusations of unfairness in the selection process,” he said. The head teacher of Malundu Secondary School William Kwibisa presented an initiative aimed at enhancing local agricultural practices. He said the school is set to embark on a production unit project that will serve as an educational platform for community members. He explained that the he project aims to demonstrate efficient food production techniques on small plots of land, ultimately contributing to food security in the community. “To kick start the production unit project, the school will require assistance from the community, particularly in constructing a fence around the school garden. We are optimistic that this collaboration would lead to valuable knowledge transfer and empower local residents to improve their agricultural practices,” he said. The launch event was attended by a diverse group of stakeholders, including Council Secretary Beston Kajoba, Malundu ward councilor, Local Government officials, representatives from various Government Departments, and traditional leaders. As the Cash for Work program takes off, it represents a crucial effort by the Zambian Government to address hunger and promote sustainable development through community involvement and support. One thousand seven hundred and thirty-one (1731) vulnerable households will benefit from the CFW initiative in Monze District. Driving Accountability through Dialogue – Interface and Feedback Session in Monze District Following a successful issue identification process, communities from Manungu, Makonka, and Mulongalwili … Read More → Monze District Records Steady Progress on Road Works Under Presidential Directive Monze District has recorded significant progress in road infrastructure development across its … Read More → Bridging the Gap: How Three Constituency Ambulances Will Transform Health Service Delivery in Monze District. Monday marked a turning point in Monze District’s health narrative as … Read More → From Pit Latrines to Progress: How CDF Is Transforming Communities in Monze In the heart of Southern Province, Monze District is quietly rewriting its … Read More → MONZE TOWN COUNCIL’S OSCAR CHILANGA ADMITTED AS ASSOCIATE MEMBER OF ILGAZ Monze Town Council is proud to announce that Mr. Oscar Chilanga, Director … Read More → FEEDER ROADS IN MONZE SPRING BACK TO LIFE, BOOSTING ACCESS AND AGRICULTURAL FLOW Monze District is witnessing a quiet but profound transformation. Following President Hakainde … Read More → ADVERTS FOR PLOTS IN MONZE TOWN PRIME AREA PLOT ADVERT MONZE TOWN COUNCIL Read More → NON FUNCTIONAL TRAFFIC LIGHTS TO BE REPLACED-MTC Monze Town Council has officially commenced the process of overhauling the non-functional … Read More → WATER AID ZAMBIA AND MONZE COUNCIL LAUNCH SUSTAINABILITY DRIVE FOR WASH INFRASTRUCTURE In a concerted effort to fortify long-term access to clean water and … Read More → Tab #1 Tab #2 Tab #1 Lorem ipsum dolor sit amet, consectetur adipiscing elit. Ut elit tellus, luctus nec ullamcorper mattis, pulvinar dapibus leo. Tab #2 Lorem ipsum dolor sit amet, consectetur adipiscing elit. Ut elit tellus, luctus nec ullamcorper mattis, pulvinar dapibus leo. MONZE TOWN COUNCIL APPROVES 2024 MAIN VALUATION ROLL Tab #2 MONZE TOWN COUNCIL APPROVES 2024 MAIN VALUATION ROLL Monze Town Council Public Relations Officer Kanchele Kanchele has said that the local authority has approved the 2024 Main Valuation Roll during a special ordinary full council meeting held on Thursday. Mr. Kanchele said the previous Main Valuation Roll for Monze, which expired on December 31, 2023, prompted the council to commence preparations for the new roll. “Following a resolution passed during the ordinary council meeting on December 27, 2023, Mr. Paul Moyo, a registered valuation surveyor, was appointed to undertake this critical exercise in accordance with the Rating Act No. 21 of 2018. “The approved 2024 Main Valuation Roll has projected a total of over 4000 properties, with a remarkable rateable value of over ZMW 1,382,364,590. Among these, 127 properties are designated as government properties, which will allow the local authority to receive a grant in lieu of rates. Additionally, 57 farms have been identified as zero-rated properties,” he said. Mr. Kanchele noted that the 2024 Main Valuation Roll reflects an impressive increase of approximately 74% in rateable values compared to the previous valuation roll conducted in 2017. He said to address the potential financial impact on ratepayers due to the increase in property values, the council has decided to maintain the rate levy as approved in the 2017 Main Valuation Roll. Mr. Kanchele emphasized the council’s commitment to transparency and public engagement in this process. “The 2024 Main Valuation Roll will now be opened to the public for objections. Residents are encouraged to review the new roll and voice any concerns they may have during the objection period,” he said. He explained that the approval of the 2024 Main Valuation Roll marks a significant step in the council’s efforts to maintain an equitable rating system for all property owners within the District, ensuring a fair and transparent process for the community further adding that the Council has earmarked to implement projects such as construction of Market shelters and Water schemes among other projects in the District using its own source revenues including revenue generated from property rates. Tab #2 Lorem ipsum dolor sit amet, consectetur adipiscing elit. Ut elit tellus, luctus nec ullamcorper mattis, pulvinar dapibus leo. MOOMBA CONSTITUENCY WITNESSES ANOTHER GROUNDBREAKING ROAD PROJECT COMPLETION MOOMBA CONSTITUENCY WITNESSES ANOTHER GROUNDBREAKING ROAD PROJECT COMPLETION Kanchele Kanchele 22/11/2024 Monze Town Council Public Relations Officer Kanchele Kanchele says the Local Authority in collaboration with Chakamu Construction Company, is set to complete the highly anticipated works on the Nabukuyu-Moomba road. In a statement issued to the media Mr. Kanchele said the 30-kilometer stretch, which connects Moomba ward to the Central Business District through Chona ward, has been a longstanding challenge for the local community in Moomba ward. He said the road’s dilapidated condition has been a source of frustration for drivers, who have regularly faced vehicle damage due to the rocky terrain and the lack of maintenance over the years. “This is a milestone achievement for Moomba Constituency and Moomba ward in particular. Residents will now have easy access to goods and services, which was previously a nightmare due to the poor state of the road. “The project was allocated a sum of K2.1 million in the 2023 Constituency Development Fund (CDF) allocations and involves desilting of existing culverts, formation of mitre drains, clearing and grubbing, as well as light grading,” he said. He said the local authority recognized the challenges posed by the rocky terrain and sought the assistance of Chakamu Construction Company, which brought in a bulldozer to ensure the works were carried out to a reasonable quality. “The terrain of the area, which is predominantly rocky, necessitated the involvement of Chakamu Construction Company, who came in with a bulldozer to ensure the works were completed to a satisfactory standard,” Kanchele explained. He said the project is expected to be completed by the end of December, marking a significant milestone for the Moomba Constituency and the local community. He added that the development will not only improve the ease of transportation but also contribute to the overall economic and social development of the region. “This road project is a testament to the commitment of the New Dawn Government through local authorities and its collaborative approach with the private sector to address the infrastructure challenges faced by the Moomba Constituency,” said Mr Kanchele. MOOMBA CONSTITUENCY WITNESSES ANOTHER GROUNDBREAKING ROAD PROJECT COMPLETION Tab #2 MOOMBA CONSTITUENCY WITNESSES ANOTHER GROUNDBREAKING ROAD PROJECT COMPLETION Kanchele Kanchele 22/11/2024 Monze Town Council Public Relations Officer Kanchele Kanchele says the Local Authority in collaboration with Chakamu Construction Company, is set to complete the highly anticipated works on the Nabukuyu-Moomba road. In a statement issued to the media Mr. Kanchele said the 30-kilometer stretch, which connects Moomba ward to the Central Business District through Chona ward, has been a longstanding challenge for the local community in Moomba ward. He said the road’s dilapidated condition has been a source of frustration for drivers, who have regularly faced vehicle damage due to the rocky terrain and the lack of maintenance over the years. “This is a milestone achievement for Moomba Constituency and Moomba ward in particular. Residents will now have easy access to goods and services, which was previously a nightmare due to the poor state of the road. “The project was allocated a sum of K2.1 million in the 2023 Constituency Development Fund (CDF) allocations and involves desilting of existing culverts, formation of mitre drains, clearing and grubbing, as well as light grading,” he said. He said the local authority recognized the challenges posed by the rocky terrain and sought the assistance of Chakamu Construction Company, which brought in a bulldozer to ensure the works were carried out to a reasonable quality. “The terrain of the area, which is predominantly rocky, necessitated the involvement of Chakamu Construction Company, who came in with a bulldozer to ensure the works were completed to a satisfactory standard,” Kanchele explained. He said the project is expected to be completed by the end of December, marking a significant milestone for the Moomba Constituency and the local community. He added that the development will not only improve the ease of transportation but also contribute to the overall economic and social development of the region. “This road project is a testament to the commitment of the New Dawn Government through local authorities and its collaborative approach with the private sector to address the infrastructure challenges faced by the Moomba Constituency,” said Mr Kanchele. Tab #2 Lorem ipsum dolor sit amet, consectetur adipiscing elit. Ut elit tellus, luctus nec ullamcorper mattis, pulvinar dapibus leo.|https://www.monzecouncil.gov.zm/?page_id=187
169|Mandate|Our Mandate Functions of Local Authorities (Councils) The Council derives its mandate from the Local Government Act which lists the following as overall functions of Local Authorities: • Maintain law and order and effective administration of Local Authorities to ensure national security; • Control the keeping and movement of livestock, slaughtering of animals, sale of meat and enforce the disposal of diseased animals carcasses or meat which is unfit for human consumption; • Take measures for storage, market and preservation of agricultural produce and prevention of agricultural produce, conservation of natural resources and prevention of soil erosion; • Control the manufacture, storage, sale and use of petroleum, fireworks gas and other combustible or dangerous substance; • Construct and maintain public roads, streets, sanitary lanes, bridges and water courses and remove all obstacles thereof; • Establish and maintain sanitation and drainage systems to facilitate the removal of refuse and effluent; • Provide for the registration of births, marriage, deaths, clubs and enumeration of persons or property connected with the administration of Council areas; • Establish and maintain colleges, schools and day nurseries; • Prepare and administer schemes for community participation in development; • Establish and maintain a system of street lighting and in public places; • Establish and maintain firefighting and prevention services in order to protect life, property and natural resources from damage by fire; • Control persons and premises engaged in manufacturing, preparations, storage handling, sale or distribution of food or drink including intoxicating substances; • Prohibit and control the use of land and erection of buildings in the interest of public health, safely and orderly development of the Council area; • Demolish or remove buildings which are a danger to public health or safety and do not conform to plans and specifications approved by the Councils; • Establish and maintain public amenities such as parks, zoos, gardens, pleasure grounds, camping grounds, caravan sites and an open spaces; • Establish and maintain hospitals, clinics, health centers and environmental and health services; and • Establish and maintain cemeteries, crematoria, and mortuaries and provide for the burial of the dead and destitute persons who die in the area of the Council. HAVE THE COUNCILS AROUND THE COUNTRY THE CAPABILITIES TO TAKE WHAT IS EXPECTED AFTER THE DEVOLUTION? (i) Local Councils are already doing tremendous work in the provision of public services and enhancing social and economic development to the local communities in the respective district boundaries. (ii) Levels of capabilities differ from one Council to another owing to different levels of development and status. The financial strength of the Lusaka City Council cannot be compared to that of a small district like say Kafue, or Chongwe. (iii) Provision of services largely depends on the balance of Estimates of Income over expenditure, meaning that each Council can only spend as much as it earns in terms of service delivery. (iv) The Decentralization Policy assures that Local communities will be empowered by devolving decision making authority, functions and matching resources from the centre to the lowest level in order to improve efficient and effectiveness in the delivery of services. HOW MUCH RESOURCES ARE ACCESSED BY LOCAL COUNCILS? (i) This depends on sources of income for each Council, and the type. (ii) Some smaller Council have a smaller annual budget of say K2.2 billion, which is far below a monthly salary wage bill for Lusaka City Council. (iii) District Councils, in addition to their local resources, receive annual grants from the centre to fund capital projects. Bigger Councils (Cities) are encouraged to generate own income from local sources of income such as property rates. HOW CREDIBLE ARE COUNCILS AS INSTITUTIONS OF PUBLIC SERVICE DELIVERY AND LOCAL DEMOCRATIC GOVERNANCE? (i) The credibility of Councils stems from the fact that these are body corporate entities created by an Act of Parliament, legally established as Agents of the Central Government in the promotion of social, political and economic development to the lowest level. (ii) Local Democratic Governance Councils operate a representative local governance system to elect a Council that has powers to make policies at local level. – Ensure bottom-up decision making – Citizens are involved in decision making by electing their area representatives who petition for their needs in the local Council Chambers. – Area based interest groups are involved in community development. Any person, who is ordinarily resident in a given geographical area called Ward, is free to seek election to the office of Councillor to represent the electorates.|https://www.monzecouncil.gov.zm/?page_id=169
118|About Us|Monze District Geography and History About Us Our Commitment Vision Our Client Our core Value Geography and History Monze District is one of the Districts Southern Province of Zambia along Great North Road. The District is about 300 Kilometres North of Livingstone City, the tourist capital of Zambia and 220 Kilometres south of the Nation’s capital, Lusaka. The District shares boundaries with Gwembe, Pemba, Namwala and Mazabuka. Monze became a District in 1970. Monze District covers an area of around 4,770.7 square kilometres and has a total population of 268,432 out of which 130,412 are males and 138,020 are females as per 2022 Census Report, (CSO 2022). The average population growth has been around 2.8%. Additionally, the population density according to the 2022 Census report stood at around 56.3%. Monze is governed under two types of land tenure systems namely Customary and Leasehold Land Tenure. The District can distinctly be divided into three main physiographic regions. The first is the Southeastern part which has steep slopes and most of the rivers and storm water flows into Lake Kariba. The second region is the Central high Plateau area which consists of soft undulating old plain (ideal for maize growing) and thirdly the Northwest low flat plain where the Kafue flats and Lochinvar National Park fall. The main economic activity in Monze district is Agriculture (specifically the keeping of cattle). The connectivity of the District is very critical because the larger population in the District can only access their basic services such as health facilities, schools as well as markets by road and the majority of these services are currently accessed from the Central Business District. Monze District has many potential areas for investment identified for both local and foreign investors. It has immense agricultural and tourism potential which is yet to be fully utilized. Agriculturally the District is endowed with a long history of cattle keeping and cereal production which in the hey days of the 1970s to 1980s placed the District among the “breadbasket” belt of the nation, an area that produced the bulk of the national annual cereal requirement. Further, Monze District’s tourism potential is undeniable. Monze has one national park called Lochinvar, approximately 410 Square Kilometres (Km2) in size and adjacent to it is the Kafue Flats Game Management Area (GMA) South Bank approximately 6500 Km2 in area. Lochinvar National Park and the adjacent Kafue Flats Game Management Area are endowed with high densities of the Kafue Lechwe which is only endemic to the area and so attracts unique viewing. The park and the game management area also play host to the widest diversity of bird species in the world and hence is a natural paradise for the bird watcher. Other investment areas are crop production, Agro-processing, and livestock. Further, Monze District can be a good link and extended market to Namwala District (a district rich in livestock production), Gwembe District (endowed with abundant stocks of fresh Kariba breams), Mazabuka and Choma. About Us Monze District In Brief: The Heartbeat of Tonga Heritage and Agricultural Vitality Monze district nestled in the Southern Province of Zambia, lies along the Great North Road, approximately 180 kilometers south of Lusaka. It serves as a vital administrative and commercial center, with Monze town as its capital. The District is a cultural stronghold of the Tonga people and a cornerstone of Zambia’s agricultural economy. Economic and Geographic Highlights – Agricultural Powerhouse: Monze is renowned as the “home of cattle,” with a thriving livestock sector and expansive maize, groundnut, and vegetable farming. – Lochinvar National Park: Located on the southern edge of the Kafue Flats, this park is a biodiversity haven famous for its large herds of Kafue lechwe, over 400 bird species, and hot springs. It offers eco-tourism potential and is a key conservation area in the region. – Strategic Location: As a gateway between Lusaka and Livingstone, Monze connects trade, tourism, and cultural exchange across Southern Zambia. Cultural and Traditional Ceremonies Monze District is a custodian of rich cultural traditions, celebrated through vibrant annual ceremonies: -Lwiindi Gonde Ceremony: Held at the sacred Gonde shrine near Chief Monze’s palace, this is a spiritual thanksgiving for rain and harvest. It draws thousands of pilgrims and dignitaries, featuring traditional dances, drumming, and ancestral rituals. -Lwanza Ceremony: Celebrated by the Lundwe-speaking people of Bweengwa under Senior Chief Hamusonde, this event honors ancestral spirits and showcases the district’s cattle heritage and communal unity. -Samulyamoomba Ceremony: A lesser-known but culturally significant event celebrated by the Subiya-speaking community in the parts of Monze. It emphasizes ancestral reverence, traditional governance, and the preservation of indigenous customs through music, dance, and storytelling. Distinctive Features – Spiritual Heritage: Sacred sites like Gonde and the Lwanza River are revered as spiritual centers, anchoring the district’s identity in ancestral wisdom. – Civic Participation: Monze is known for its active Ward Development Committees (WDCs), community radio engagement, and participatory planning processes. – Cattle Culture: Livestock is not only an economic asset but a symbol of status, tradition, and social cohesion. Our Commitment Deliver services that are; Guided by the Local Authorities’ core values: Transparency, Accountability, Impartiality, Dependability, Hard Work, Consistency, and Honesty. Focused on our citizens’ needs and preferences, which we understand through community interactions and from listening to feedback through the governance structures. Delivered by skilled, motivated, and courteous staff. Commit in: Ensuring information, resources, and services are accessible to all. Taking responsibility for all Council Services provided by us or by another service provider on our behalf. Accountability in the administration of public funds and resources. Providing a safe working environment that is free from corruption, harassment or any unlawful behavior. Vision A transparent District Council anchored on effective and efficient delivery of service to the public. Our Client Our customers are any person or organization that has any dealing with the institution be it public or private. Among these are; All Monze Residents Businesses Entities Marketeers General Public Our core Value Transparency Accountability Impartiality Dependability Hardworking Consistency Honesty|https://www.monzecouncil.gov.zm/?page_id=118
15|Home SZI|Road Works In Moomba Ward Chief Hamusonde during Lwanza Ceremony CULTURE AND TRADITION Monze District has the largest cattle population in the country. Welcome to the official Website of Monze Town Council. We are delighted to have you here and hope that this platform serves as a valuable resource for our esteemed clients and visitorsMonze Town Council is one of the 15 Local Authorities in Southern Province, situated just 190 kilometers from the capital city, Lusaka with the Population of 268,432 as at 2022 census report. Readmore Mr. Robert Mlauzi Council Secretary Popular Services Core Services Fire and Emergency Rescue Services Report emergencies and get urgent assistance. Housing and Social Services Find out about markets administration and more.. Health Services Access to primary healthcare and wellness resources. Permits & Licenses Apply for business and special permits. Fisheries, Livestock & Veterinary Animal disease control, value addition and other services. Public Health Safeguard of community health and safety, disease prevention and health education. Early Childhood Education Schools, training, and education programs. Urban Planning & Development Control Application for development permits and zoning requests. Agriculture Support for farmers and agricultural businesses through extension services. Arts and Culture Promotion of tourism through cultural events and initiatives. Legal Services Litigation, estates,licensing and contracts. KEEP MONZE CLEAN AND GREEN Previous Next Constituency Development Fund (CDF) CDF Tracker View resources available by Constituency. View Tracker Lorem ipsum dolor sit amet, consectetur adipiscing elit. Ut elit tellus, luctus nec ullamcorper mattis, pulvinar dapibus leo. CDF News: CDF Skills Bursaries Applicants Download Latest Statement View Previous Statements CDF Guidelines View guidelines for CDF funds. Download Guidelines Latest News Driving Accountability through Dialogue – Interface and Feedback Session in Monze District Following a successful issue identification process, communities from Manungu, Makonka, and Mulongalwili came together for an Interface Meeting and Feedback Session supported by WaterAid Zambia Read More » Monze District Records Steady Progress on Road Works Under Presidential Directive Monze District has recorded significant progress in road infrastructure development across its three constituencies—Monze Central, Moomba, and Bweengwa—under the Presidential Directive funded through the Constituency Read More » Bridging the Gap: How Three Constituency Ambulances Will Transform Health Service Delivery in Monze District. Monday marked a turning point in Monze District’s health narrative as the Monze Town Council officially handed over two ambulances to the Ministry of Read More »|https://www.monzecouncil.gov.zm/
2|Sample Page|This is an example page. It’s different from a blog post because it will stay in one place and will show up in your site navigation (in most themes). Most people start with an About page that introduces them to potential site visitors. It might say something like this: Hi there! I’m a bike messenger by day, aspiring actor by night, and this is my website. I live in Los Angeles, have a great dog named Jack, and I like piña coladas. (And gettin’ caught in the rain.) …or something like this: The XYZ Doohickey Company was founded in 1971, and has been providing quality doohickeys to the public ever since. Located in Gotham City, XYZ employs over 2,000 people and does all kinds of awesome things for the Gotham community. As a new WordPress user, you should go to your dashboard to delete this page and create new pages for your content. Have fun!|https://www.monzecouncil.gov.zm/?page_id=2
